display_name,unique_key,employee_id,email,username,department,title,org_path,manager_email
孙霞洋,UK00001,E00001,user0001@example.com,user0001,市场部,专员,/公司/中国,manager11@example.com
张芳伟,UK00002,E00002,user0002@example.com,user0002,财务部,分析师,/公司/欧洲,manager14@example.com
蒋明娟,UK00003,E00003,user0003@example.com,user0003,运营部,分析师,/公司/欧洲,manager8@example.com
钱芳洋,UK00004,E00004,user0004@example.com,user0004,技术部,分析师,/公司/中国,manager16@example.com
周刚娟,UK00005,E00005,user0005@example.com,user0005,市场部,专员,/公司/美国,manager1@example.com
冯强强,UK00006,E00006,user0006@example.com,user0006,财务部,总监,/公司/欧洲,manager14@example.com
冯刚秀,UK00007,E00007,user0007@example.com,user0007,销售部,专员,/公司/中国,manager5@example.com
韩明明,UK00008,E00008,user0008@example.com,user0008,财务部,总监,/公司/欧洲,manager17@example.com
张娟霞,UK00009,E00009,user0009@example.com,user0009,市场部,专员,/公司/欧洲,manager7@example.com
王敏杰,UK00010,E00010,user0010@example.com,user0010,技术部,经理,/公司/中国,manager11@example.com
严娟明,UK00011,E00011,user0011@example.com,user0011,运营部,工程师,/公司/美国,manager7@example.com
华芳强,UK00012,E00012,user0012@example.com,user0012,市场部,专员,/公司/欧洲,manager16@example.com
沈敏芳,UK00013,E00013,user0013@example.com,user0013,销售部,分析师,/公司/欧洲,manager12@example.com
华霞杰,UK00014,E00014,user0014@example.com,user0014,财务部,分析师,/公司/中国,manager14@example.com
王霞强,UK00015,E00015,user0015@example.com,user0015,财务部,分析师,/公司/欧洲,manager6@example.com
王秀勇,UK00016,E00016,user0016@example.com,user0016,销售部,经理,/公司/欧洲,manager14@example.com
吴丽明,UK00017,E00017,user0017@example.com,user0017,技术部,分析师,/公司/中国,manager7@example.com
王敏艳,UK00018,E00018,user0018@example.com,user0018,人力资源部,专员,/公司/欧洲,manager9@example.com
严娟刚,UK00019,E00019,user0019@example.com,user0019,销售部,工程师,/公司/欧洲,manager12@example.com
陶磊超,UK00020,E00020,user0020@example.com,user0020,技术部,工程师,/公司/美国,manager13@example.com
李杰磊,UK00021,E00021,user0021@example.com,user0021,运营部,经理,/公司/美国,manager15@example.com
周芳芳,UK00022,E00022,user0022@example.com,user0022,财务部,总监,/公司/欧洲,manager18@example.com
周霞娟,UK00023,E00023,user0023@example.com,user0023,技术部,工程师,/公司/欧洲,manager6@example.com
杨秀刚,UK00024,E00024,user0024@example.com,user0024,市场部,工程师,/公司/中国,manager18@example.com
韩敏娜,UK00025,E00025,user0025@example.com,user0025,财务部,分析师,/公司/美国,manager4@example.com
周娟强,UK00026,E00026,user0026@example.com,user0026,运营部,专员,/公司/中国,manager19@example.com
冯洋洋,UK00027,E00027,user0027@example.com,user0027,技术部,分析师,/公司/美国,manager15@example.com
周英强,UK00028,E00028,user0028@example.com,user0028,人力资源部,总监,/公司/美国,manager19@example.com
赵平丽,UK00029,E00029,user0029@example.com,user0029,销售部,专员,/公司/欧洲,manager15@example.com
姜超刚,UK00030,E00030,user0030@example.com,user0030,人力资源部,经理,/公司/中国,manager3@example.com
买买提静娟超,UK00031,E00031,user0031@example.com,user0031,市场部,经理,/公司/中国,manager7@example.com
孙丽艳,UK00032,E00032,user0032@example.com,user0032,运营部,专员,/公司/欧洲,manager9@example.com
沈英敏,UK00033,E00033,user0033@example.com,user0033,销售部,总监,/公司/欧洲,manager18@example.com
冯刚静,UK00034,E00034,user0034@example.com,user0034,财务部,经理,/公司/欧洲,manager17@example.com
魏秀勇,UK00035,E00035,user0035@example.com,user0035,运营部,经理,/公司/美国,manager11@example.com
严伟秀,UK00036,E00036,user0036@example.com,user0036,技术部,经理,/公司/中国,manager1@example.com
周强超,UK00037,E00037,user0037@example.com,user0037,技术部,分析师,/公司/欧洲,manager6@example.com
郑秀静,UK00038,E00038,user0038@example.com,user0038,运营部,总监,/公司/美国,manager18@example.com
李磊丽,UK00039,E00039,user0039@example.com,user0039,技术部,分析师,/公司/欧洲,manager4@example.com
王涛敏,UK00040,E00040,user0040@example.com,user0040,运营部,工程师,/公司/欧洲,manager6@example.com
韩洋超,UK00041,E00041,user0041@example.com,user0041,人力资源部,工程师,/公司/欧洲,manager16@example.com
陈霞秀,UK00042,E00042,user0042@example.com,user0042,技术部,总监,/公司/美国,manager10@example.com
赵艳娜,UK00043,E00043,user0043@example.com,user0043,财务部,工程师,/公司/中国,manager7@example.com
魏娟洋,UK00044,E00044,user0044@example.com,user0044,销售部,专员,/公司/欧洲,manager11@example.com
沈芳丽,UK00045,E00045,user0045@example.com,user0045,财务部,专员,/公司/欧洲,manager5@example.com
冯丽勇,UK00046,E00046,user0046@example.com,user0046,人力资源部,分析师,/公司/美国,manager3@example.com
沈磊平,UK00047,E00047,user0047@example.com,user0047,技术部,专员,/公司/中国,manager4@example.com
阿不都磊刚涛,UK00048,E00048,user0048@example.com,user0048,销售部,专员,/公司/欧洲,manager14@example.com
周明刚,UK00049,E00049,user0049@example.com,user0049,技术部,工程师,/公司/欧洲,manager2@example.com
赵娜娜,UK00050,E00050,user0050@example.com,user0050,销售部,总监,/公司/中国,manager19@example.com
严娟静,UK00051,E00051,user0051@example.com,user0051,技术部,工程师,/公司/欧洲,manager9@example.com
严平艳,UK00052,E00052,user0052@example.com,user0052,运营部,总监,/公司/中国,manager8@example.com
司马磊军,UK00053,E00053,user0053@example.com,user0053,市场部,专员,/公司/欧洲,manager6@example.com
艾合买提强超,UK00054,E00054,user0054@example.com,user0054,技术部,专员,/公司/美国,manager9@example.com
韩艳娟,UK00055,E00055,user0055@example.com,user0055,人力资源部,工程师,/公司/欧洲,manager14@example.com
赵平洋,UK00056,E00056,user0056@example.com,user0056,财务部,总监,/公司/中国,manager14@example.com
杨强霞,UK00057,E00057,user0057@example.com,user0057,市场部,分析师,/公司/美国,manager2@example.com
蒋敏芳,UK00058,E00058,user0058@example.com,user0058,人力资源部,分析师,/公司/美国,manager20@example.com
赵勇涛,UK00059,E00059,user0059@example.com,user0059,人力资源部,分析师,/公司/美国,manager14@example.com
陈强强,UK00060,E00060,user0060@example.com,user0060,技术部,总监,/公司/美国,manager12@example.com
张秀磊,UK00061,E00061,user0061@example.com,user0061,财务部,专员,/公司/欧洲,manager19@example.com
蒋娟勇,UK00062,E00062,user0062@example.com,user0062,运营部,总监,/公司/美国,manager3@example.com
周涛涛,UK00063,E00063,user0063@example.com,user0063,运营部,经理,/公司/中国,manager1@example.com
王伟伟,UK00064,E00064,user0064@example.com,user0064,技术部,总监,/公司/中国,manager3@example.com
赵霞霞,UK00065,E00065,user0065@example.com,user0065,技术部,工程师,/公司/美国,manager3@example.com
沈强丽,UK00066,E00066,user0066@example.com,user0066,运营部,工程师,/公司/中国,manager8@example.com
华涛英,UK00067,E00067,user0067@example.com,user0067,财务部,工程师,/公司/中国,manager8@example.com
周娜磊,UK00068,E00068,user0068@example.com,user0068,销售部,专员,/公司/美国,manager3@example.com
曹明勇,UK00069,E00069,user0069@example.com,user0069,财务部,分析师,/公司/中国,manager18@example.com
钱杰秀,UK00070,E00070,user0070@example.com,user0070,人力资源部,经理,/公司/中国,manager7@example.com
李秀芳,UK00071,E00071,user0071@example.com,user0071,销售部,分析师,/公司/欧洲,manager6@example.com
钱超涛,UK00072,E00072,user0072@example.com,user0072,人力资源部,专员,/公司/美国,manager17@example.com
陈艳娜,UK00073,E00073,user0073@example.com,user0073,财务部,专员,/公司/美国,manager10@example.com
华强霞,UK00074,E00074,user0074@example.com,user0074,销售部,经理,/公司/美国,manager13@example.com
姜超娜,UK00075,E00075,user0075@example.com,user0075,技术部,经理,/公司/中国,manager15@example.com
韩霞磊,UK00076,E00076,user0076@example.com,user0076,运营部,分析师,/公司/欧洲,manager17@example.com
魏洋明,UK00077,E00077,user0077@example.com,user0077,人力资源部,总监,/公司/美国,manager14@example.com
杨静明,UK00078,E00078,user0078@example.com,user0078,销售部,分析师,/公司/美国,manager4@example.com
魏明敏,UK00079,E00079,user0079@example.com,user0079,人力资源部,专员,/公司/中国,manager14@example.com
韩强涛,UK00080,E00080,user0080@example.com,user0080,市场部,分析师,/公司/欧洲,manager1@example.com
陈刚磊,UK00081,E00081,user0081@example.com,user0081,运营部,总监,/公司/欧洲,manager6@example.com
拓跋平勇艳,UK00082,E00082,user0082@example.com,user0082,市场部,工程师,/公司/欧洲,manager12@example.com
孙伟静,UK00083,E00083,user0083@example.com,user0083,人力资源部,总监,/公司/美国,manager19@example.com
李娜磊,UK00084,E00084,user0084@example.com,user0084,人力资源部,经理,/公司/欧洲,manager7@example.com
陈平杰,UK00085,E00085,user0085@example.com,user0085,运营部,工程师,/公司/美国,manager3@example.com
郑伟涛,UK00086,E00086,user0086@example.com,user0086,财务部,分析师,/公司/中国,manager18@example.com
陈敏丽,UK00087,E00087,user0087@example.com,user0087,运营部,总监,/公司/欧洲,manager10@example.com
钱静芳,UK00088,E00088,user0088@example.com,user0088,销售部,经理,/公司/中国,manager3@example.com
李艳明,UK00089,E00089,user0089@example.com,user0089,财务部,经理,/公司/中国,manager12@example.com
蒋娜杰,UK00090,E00090,user0090@example.com,user0090,技术部,经理,/公司/欧洲,manager12@example.com
韩军平,UK00091,E00091,user0091@example.com,user0091,财务部,工程师,/公司/美国,manager1@example.com
孙强敏,UK00092,E00092,user0092@example.com,user0092,财务部,总监,/公司/美国,manager15@example.com
上官平秀伟,UK00093,E00093,user0093@example.com,user0093,销售部,专员,/公司/美国,manager17@example.com
华军娟,UK00094,E00094,user0094@example.com,user0094,人力资源部,经理,/公司/欧洲,manager6@example.com
钱秀磊,UK00095,E00095,user0095@example.com,user0095,市场部,总监,/公司/美国,manager18@example.com
张明刚,UK00096,E00096,user0096@example.com,user0096,财务部,分析师,/公司/美国,manager3@example.com
李芳军,UK00097,E00097,user0097@example.com,user0097,人力资源部,专员,/公司/欧洲,manager3@example.com
陈静芳,UK00098,E00098,user0098@example.com,user0098,运营部,工程师,/公司/美国,manager1@example.com
严勇伟,UK00099,E00099,user0099@example.com,user0099,销售部,分析师,/公司/美国,manager3@example.com
王娜涛,UK00100,E00100,user0100@example.com,user0100,市场部,工程师,/公司/美国,manager12@example.com
赵杰磊,UK00101,E00101,user0101@example.com,user0101,销售部,专员,/公司/欧洲,manager16@example.com
张洋秀,UK00102,E00102,user0102@example.com,user0102,人力资源部,分析师,/公司/欧洲,manager13@example.com
郑强平,UK00103,E00103,user0103@example.com,user0103,财务部,总监,/公司/欧洲,manager9@example.com
华军静,UK00104,E00104,user0104@example.com,user0104,运营部,经理,/公司/中国,manager16@example.com
冯刚超,UK00105,E00105,user0105@example.com,user0105,运营部,分析师,/公司/美国,manager4@example.com
李艳芳,UK00106,E00106,user0106@example.com,user0106,销售部,总监,/公司/美国,manager12@example.com
吴明勇,UK00107,E00107,user0107@example.com,user0107,运营部,专员,/公司/欧洲,manager20@example.com
赵军静,UK00108,E00108,user0108@example.com,user0108,技术部,分析师,/公司/欧洲,manager3@example.com
郑明明,UK00109,E00109,user0109@example.com,user0109,运营部,专员,/公司/中国,manager19@example.com
孙娟平,UK00110,E00110,user0110@example.com,user0110,财务部,专员,/公司/欧洲,manager16@example.com
陈超超,UK00111,E00111,user0111@example.com,user0111,财务部,工程师,/公司/美国,manager5@example.com
郑英磊,UK00112,E00112,user0112@example.com,user0112,财务部,总监,/公司/中国,manager12@example.com
曹明磊,UK00113,E00113,user0113@example.com,user0113,运营部,专员,/公司/欧洲,manager20@example.com
沈超强,UK00114,E00114,user0114@example.com,user0114,财务部,工程师,/公司/美国,manager16@example.com
钱霞芳,UK00115,E00115,user0115@example.com,user0115,市场部,分析师,/公司/欧洲,manager7@example.com
艾合买提敏涛,UK00116,E00116,user0116@example.com,user0116,财务部,经理,/公司/欧洲,manager5@example.com
张涛艳,UK00117,E00117,user0117@example.com,user0117,销售部,工程师,/公司/美国,manager9@example.com
曹刚磊,UK00118,E00118,user0118@example.com,user0118,人力资源部,工程师,/公司/美国,manager9@example.com
钱娜明,UK00119,E00119,user0119@example.com,user0119,市场部,专员,/公司/中国,manager16@example.com
吴伟涛,UK00120,E00120,user0120@example.com,user0120,技术部,工程师,/公司/美国,manager14@example.com
孙娜磊,UK00121,E00121,user0121@example.com,user0121,财务部,分析师,/公司/中国,manager18@example.com
曹秀洋,UK00122,E00122,user0122@example.com,user0122,市场部,专员,/公司/欧洲,manager9@example.com
郑霞娟,UK00123,E00123,user0123@example.com,user0123,销售部,工程师,/公司/中国,manager18@example.com
韩涛娟,UK00124,E00124,user0124@example.com,user0124,销售部,工程师,/公司/美国,manager3@example.com
严霞娟,UK00125,E00125,user0125@example.com,user0125,销售部,工程师,/公司/欧洲,manager19@example.com
陶涛静,UK00126,E00126,user0126@example.com,user0126,运营部,总监,/公司/中国,manager15@example.com
姜艳超,UK00127,E00127,user0127@example.com,user0127,销售部,总监,/公司/美国,manager16@example.com
冯秀刚,UK00128,E00128,user0128@example.com,user0128,运营部,专员,/公司/欧洲,manager9@example.com
冯秀磊,UK00129,E00129,user0129@example.com,user0129,人力资源部,专员,/公司/欧洲,manager2@example.com
孙娟丽,UK00130,E00130,user0130@example.com,user0130,运营部,分析师,/公司/美国,manager11@example.com
张敏洋,UK00131,E00131,user0131@example.com,user0131,财务部,总监,/公司/中国,manager17@example.com
周磊强,UK00132,E00132,user0132@example.com,user0132,运营部,专员,/公司/欧洲,manager18@example.com
韩丽秀,UK00133,E00133,user0133@example.com,user0133,销售部,工程师,/公司/中国,manager6@example.com
李明勇,UK00134,E00134,user0134@example.com,user0134,市场部,专员,/公司/美国,manager8@example.com
华平强,UK00135,E00135,user0135@example.com,user0135,市场部,经理,/公司/中国,manager19@example.com
陶勇杰,UK00136,E00136,user0136@example.com,user0136,技术部,经理,/公司/美国,manager14@example.com
陶刚娟,UK00137,E00137,user0137@example.com,user0137,技术部,工程师,/公司/美国,manager7@example.com
钱丽伟,UK00138,E00138,user0138@example.com,user0138,技术部,专员,/公司/中国,manager2@example.com
沈刚勇,UK00139,E00139,user0139@example.com,user0139,技术部,工程师,/公司/欧洲,manager10@example.com
陈军超,UK00140,E00140,user0140@example.com,user0140,运营部,分析师,/公司/欧洲,manager10@example.com
周秀英,UK00141,E00141,user0141@example.com,user0141,销售部,分析师,/公司/欧洲,manager8@example.com
魏军伟,UK00142,E00142,user0142@example.com,user0142,技术部,专员,/公司/欧洲,manager2@example.com
冯超芳,UK00143,E00143,user0143@example.com,user0143,财务部,工程师,/公司/美国,manager10@example.com
严强静,UK00144,E00144,user0144@example.com,user0144,销售部,工程师,/公司/中国,manager20@example.com
张英娜,UK00145,E00145,user0145@example.com,user0145,运营部,分析师,/公司/欧洲,manager13@example.com
华娟霞,UK00146,E00146,user0146@example.com,user0146,技术部,工程师,/公司/中国,manager1@example.com
冯涛丽,UK00147,E00147,user0147@example.com,user0147,技术部,工程师,/公司/中国,manager5@example.com
蒋芳洋,UK00148,E00148,user0148@example.com,user0148,技术部,经理,/公司/中国,manager3@example.com
杨霞娟,UK00149,E00149,user0149@example.com,user0149,财务部,经理,/公司/中国,manager1@example.com
赵娟涛,UK00150,E00150,user0150@example.com,user0150,财务部,专员,/公司/中国,manager1@example.com
拓跋刚芳霞,UK00151,E00151,user0151@example.com,user0151,销售部,总监,/公司/中国,manager20@example.com
王英丽,UK00152,E00152,user0152@example.com,user0152,技术部,专员,/公司/美国,manager2@example.com
蒋强军,UK00153,E00153,user0153@example.com,user0153,技术部,工程师,/公司/美国,manager12@example.com
孙刚伟,UK00154,E00154,user0154@example.com,user0154,运营部,工程师,/公司/美国,manager1@example.com
郑丽杰,UK00155,E00155,user0155@example.com,user0155,人力资源部,经理,/公司/欧洲,manager12@example.com
钱丽娟,UK00156,E00156,user0156@example.com,user0156,市场部,分析师,/公司/美国,manager9@example.com
华敏英,UK00157,E00157,user0157@example.com,user0157,销售部,工程师,/公司/中国,manager16@example.com
冯艳平,UK00158,E00158,user0158@example.com,user0158,运营部,总监,/公司/美国,manager13@example.com
曹静勇,UK00159,E00159,user0159@example.com,user0159,财务部,经理,/公司/欧洲,manager6@example.com
依布拉音杰英敏,UK00160,E00160,user0160@example.com,user0160,财务部,总监,/公司/中国,manager13@example.com
陈洋秀,UK00161,E00161,user0161@example.com,user0161,人力资源部,总监,/公司/中国,manager15@example.com
冯明敏,UK00162,E00162,user0162@example.com,user0162,市场部,分析师,/公司/欧洲,manager3@example.com
沈丽明,UK00163,E00163,user0163@example.com,user0163,运营部,专员,/公司/欧洲,manager7@example.com
沈洋丽,UK00164,E00164,user0164@example.com,user0164,市场部,经理,/公司/欧洲,manager6@example.com
杨敏芳,UK00165,E00165,user0165@example.com,user0165,财务部,分析师,/公司/中国,manager17@example.com
李超杰,UK00166,E00166,user0166@example.com,user0166,运营部,分析师,/公司/中国,manager11@example.com
周强伟,UK00167,E00167,user0167@example.com,user0167,财务部,总监,/公司/中国,manager8@example.com
郑艳芳,UK00168,E00168,user0168@example.com,user0168,人力资源部,总监,/公司/欧洲,manager12@example.com
周杰军,UK00169,E00169,user0169@example.com,user0169,技术部,经理,/公司/欧洲,manager14@example.com
吴强敏,UK00170,E00170,user0170@example.com,user0170,人力资源部,总监,/公司/中国,manager10@example.com
蒋军霞,UK00171,E00171,user0171@example.com,user0171,销售部,经理,/公司/美国,manager8@example.com
王娟娟,UK00172,E00172,user0172@example.com,user0172,销售部,经理,/公司/欧洲,manager18@example.com
张强芳,UK00173,E00173,user0173@example.com,user0173,技术部,总监,/公司/美国,manager10@example.com
魏明娜,UK00174,E00174,user0174@example.com,user0174,技术部,分析师,/公司/中国,manager15@example.com
沈艳娜,UK00175,E00175,user0175@example.com,user0175,人力资源部,经理,/公司/欧洲,manager12@example.com
陈娜艳,UK00176,E00176,user0176@example.com,user0176,技术部,专员,/公司/欧洲,manager16@example.com
欧阳霞军敏,UK00177,E00177,user0177@example.com,user0177,财务部,专员,/公司/欧洲,manager11@example.com
李强艳,UK00178,E00178,user0178@example.com,user0178,财务部,分析师,/公司/中国,manager16@example.com
吴涛平,UK00179,E00179,user0179@example.com,user0179,技术部,工程师,/公司/欧洲,manager8@example.com
张伟丽,UK00180,E00180,user0180@example.com,user0180,人力资源部,经理,/公司/美国,manager20@example.com
杨秀强,UK00181,E00181,user0181@example.com,user0181,财务部,总监,/公司/美国,manager6@example.com
沈涛刚,UK00182,E00182,user0182@example.com,user0182,财务部,经理,/公司/欧洲,manager15@example.com
陶刚杰,UK00183,E00183,user0183@example.com,user0183,人力资源部,经理,/公司/美国,manager7@example.com
沈静丽,UK00184,E00184,user0184@example.com,user0184,销售部,分析师,/公司/欧洲,manager1@example.com
杨杰艳,UK00185,E00185,user0185@example.com,user0185,销售部,工程师,/公司/欧洲,manager2@example.com
陈静艳,UK00186,E00186,user0186@example.com,user0186,市场部,工程师,/公司/美国,manager15@example.com
郑娟秀,UK00187,E00187,user0187@example.com,user0187,销售部,总监,/公司/中国,manager18@example.com
钱杰静,UK00188,E00188,user0188@example.com,user0188,财务部,分析师,/公司/欧洲,manager4@example.com
郑超刚,UK00189,E00189,user0189@example.com,user0189,技术部,总监,/公司/欧洲,manager17@example.com
钱强丽,UK00190,E00190,user0190@example.com,user0190,销售部,经理,/公司/中国,manager20@example.com
依布拉音军刚涛,UK00191,E00191,user0191@example.com,user0191,人力资源部,经理,/公司/美国,manager19@example.com
吴军平,UK00192,E00192,user0192@example.com,user0192,财务部,专员,/公司/中国,manager15@example.com
魏强秀,UK00193,E00193,user0193@example.com,user0193,技术部,工程师,/公司/欧洲,manager20@example.com
吴强杰,UK00194,E00194,user0194@example.com,user0194,人力资源部,专员,/公司/美国,manager11@example.com
郑霞芳,UK00195,E00195,user0195@example.com,user0195,销售部,总监,/公司/中国,manager11@example.com
钱勇秀,UK00196,E00196,user0196@example.com,user0196,运营部,分析师,/公司/美国,manager4@example.com
沈勇敏,UK00197,E00197,user0197@example.com,user0197,财务部,分析师,/公司/美国,manager10@example.com
魏英超,UK00198,E00198,user0198@example.com,user0198,市场部,分析师,/公司/美国,manager9@example.com
王磊勇,UK00199,E00199,user0199@example.com,user0199,运营部,工程师,/公司/美国,manager13@example.com
杨静超,UK00200,E00200,user0200@example.com,user0200,人力资源部,专员,/公司/中国,manager13@example.com
周平霞,UK00201,E00201,user0201@example.com,user0201,人力资源部,总监,/公司/中国,manager12@example.com
冯芳强,UK00202,E00202,user0202@example.com,user0202,销售部,分析师,/公司/欧洲,manager10@example.com
周军英,UK00203,E00203,user0203@example.com,user0203,财务部,专员,/公司/欧洲,manager1@example.com
周霞明,UK00204,E00204,user0204@example.com,user0204,销售部,分析师,/公司/欧洲,manager5@example.com
张丽敏,UK00205,E00205,user0205@example.com,user0205,销售部,总监,/公司/中国,manager12@example.com
李涛平,UK00206,E00206,user0206@example.com,user0206,运营部,分析师,/公司/美国,manager14@example.com
郑磊强,UK00207,E00207,user0207@example.com,user0207,人力资源部,专员,/公司/美国,manager5@example.com
沈伟洋,UK00208,E00208,user0208@example.com,user0208,技术部,经理,/公司/欧洲,manager4@example.com
严秀伟,UK00209,E00209,user0209@example.com,user0209,财务部,工程师,/公司/中国,manager19@example.com
金静娟,UK00210,E00210,user0210@example.com,user0210,市场部,分析师,/公司/中国,manager13@example.com
周娟强,UK00211,E00211,user0211@example.com,user0211,技术部,专员,/公司/美国,manager4@example.com
吴明芳,UK00212,E00212,user0212@example.com,user0212,技术部,经理,/公司/欧洲,manager18@example.com
蒋艳明,UK00213,E00213,user0213@example.com,user0213,财务部,经理,/公司/中国,manager14@example.com
杨勇超,UK00214,E00214,user0214@example.com,user0214,财务部,分析师,/公司/中国,manager5@example.com
钱芳刚,UK00215,E00215,user0215@example.com,user0215,技术部,分析师,/公司/中国,manager10@example.com
姜伟秀,UK00216,E00216,user0216@example.com,user0216,销售部,专员,/公司/美国,manager16@example.com
郑霞娟,UK00217,E00217,user0217@example.com,user0217,技术部,分析师,/公司/欧洲,manager8@example.com
沈静涛,UK00218,E00218,user0218@example.com,user0218,财务部,经理,/公司/美国,manager9@example.com
杨英娟,UK00219,E00219,user0219@example.com,user0219,运营部,总监,/公司/欧洲,manager6@example.com
魏丽刚,UK00220,E00220,user0220@example.com,user0220,市场部,专员,/公司/美国,manager17@example.com
陶艳秀,UK00221,E00221,user0221@example.com,user0221,市场部,分析师,/公司/中国,manager2@example.com
杨涛娜,UK00222,E00222,user0222@example.com,user0222,销售部,专员,/公司/欧洲,manager19@example.com
孙静娟,UK00223,E00223,user0223@example.com,user0223,技术部,专员,/公司/美国,manager15@example.com
严英伟,UK00224,E00224,user0224@example.com,user0224,市场部,分析师,/公司/美国,manager11@example.com
严静英,UK00225,E00225,user0225@example.com,user0225,财务部,专员,/公司/美国,manager17@example.com
华杰平,UK00226,E00226,user0226@example.com,user0226,技术部,经理,/公司/中国,manager4@example.com
韩磊静,UK00227,E00227,user0227@example.com,user0227,运营部,专员,/公司/中国,manager15@example.com
沈强静,UK00228,E00228,user0228@example.com,user0228,人力资源部,分析师,/公司/中国,manager17@example.com
吴刚艳,UK00229,E00229,user0229@example.com,user0229,运营部,工程师,/公司/美国,manager13@example.com
曹明丽,UK00230,E00230,user0230@example.com,user0230,人力资源部,经理,/公司/欧洲,manager20@example.com
沈明平,UK00231,E00231,user0231@example.com,user0231,运营部,经理,/公司/中国,manager14@example.com
张平明,UK00232,E00232,user0232@example.com,user0232,市场部,分析师,/公司/欧洲,manager8@example.com
严娟艳,UK00233,E00233,user0233@example.com,user0233,运营部,经理,/公司/中国,manager1@example.com
蒋涛涛,UK00234,E00234,user0234@example.com,user0234,销售部,经理,/公司/中国,manager9@example.com
陶超刚,UK00235,E00235,user0235@example.com,user0235,市场部,总监,/公司/中国,manager20@example.com
钱霞军,UK00236,E00236,user0236@example.com,user0236,市场部,总监,/公司/中国,manager6@example.com
钱强丽,UK00237,E00237,user0237@example.com,user0237,人力资源部,总监,/公司/美国,manager20@example.com
李秀艳,UK00238,E00238,user0238@example.com,user0238,销售部,经理,/公司/欧洲,manager8@example.com
杨娜霞,UK00239,E00239,user0239@example.com,user0239,销售部,总监,/公司/美国,manager16@example.com
孙敏霞,UK00240,E00240,user0240@example.com,user0240,市场部,分析师,/公司/欧洲,manager20@example.com
蒋杰明,UK00241,E00241,user0241@example.com,user0241,市场部,分析师,/公司/美国,manager6@example.com
司马敏洋,UK00242,E00242,user0242@example.com,user0242,技术部,专员,/公司/美国,manager10@example.com
魏磊芳,UK00243,E00243,user0243@example.com,user0243,财务部,总监,/公司/中国,manager8@example.com
陈强洋,UK00244,E00244,user0244@example.com,user0244,技术部,经理,/公司/美国,manager6@example.com
吴英平,UK00245,E00245,user0245@example.com,user0245,技术部,工程师,/公司/美国,manager10@example.com
李刚伟,UK00246,E00246,user0246@example.com,user0246,运营部,总监,/公司/美国,manager2@example.com
冯静秀,UK00247,E00247,user0247@example.com,user0247,运营部,总监,/公司/中国,manager11@example.com
郑涛磊,UK00248,E00248,user0248@example.com,user0248,市场部,分析师,/公司/欧洲,manager14@example.com
冯军明,UK00249,E00249,user0249@example.com,user0249,运营部,专员,/公司/欧洲,manager12@example.com
李英娜,UK00250,E00250,user0250@example.com,user0250,财务部,分析师,/公司/美国,manager8@example.com
姜静伟,UK00251,E00251,user0251@example.com,user0251,人力资源部,经理,/公司/欧洲,manager12@example.com
金刚强,UK00252,E00252,user0252@example.com,user0252,运营部,总监,/公司/美国,manager4@example.com
金英英,UK00253,E00253,user0253@example.com,user0253,运营部,总监,/公司/中国,manager16@example.com
孙磊英,UK00254,E00254,user0254@example.com,user0254,技术部,分析师,/公司/欧洲,manager13@example.com
郑刚芳,UK00255,E00255,user0255@example.com,user0255,技术部,分析师,/公司/欧洲,manager2@example.com
华超超,UK00256,E00256,user0256@example.com,user0256,技术部,专员,/公司/美国,manager16@example.com
冯霞静,UK00257,E00257,user0257@example.com,user0257,技术部,专员,/公司/中国,manager9@example.com
周磊洋,UK00258,E00258,user0258@example.com,user0258,运营部,工程师,/公司/中国,manager15@example.com
陈敏芳,UK00259,E00259,user0259@example.com,user0259,技术部,总监,/公司/欧洲,manager4@example.com
周军杰,UK00260,E00260,user0260@example.com,user0260,市场部,总监,/公司/欧洲,manager17@example.com
冯芳娟,UK00261,E00261,user0261@example.com,user0261,市场部,经理,/公司/欧洲,manager11@example.com
王磊芳,UK00262,E00262,user0262@example.com,user0262,市场部,总监,/公司/美国,manager3@example.com
金军军,UK00263,E00263,user0263@example.com,user0263,市场部,工程师,/公司/中国,manager2@example.com
严军明,UK00264,E00264,user0264@example.com,user0264,人力资源部,总监,/公司/美国,manager20@example.com
曹勇艳,UK00265,E00265,user0265@example.com,user0265,技术部,经理,/公司/美国,manager5@example.com
魏丽敏,UK00266,E00266,user0266@example.com,user0266,市场部,工程师,/公司/中国,manager7@example.com
金秀秀,UK00267,E00267,user0267@example.com,user0267,销售部,分析师,/公司/欧洲,manager12@example.com
曹强伟,UK00268,E00268,user0268@example.com,user0268,人力资源部,分析师,/公司/中国,manager9@example.com
韩平洋,UK00269,E00269,user0269@example.com,user0269,财务部,专员,/公司/欧洲,manager13@example.com
陈涛磊,UK00270,E00270,user0270@example.com,user0270,财务部,经理,/公司/中国,manager9@example.com
蒋强洋,UK00271,E00271,user0271@example.com,user0271,运营部,专员,/公司/美国,manager4@example.com
沈勇军,UK00272,E00272,user0272@example.com,user0272,市场部,专员,/公司/美国,manager18@example.com
赵丽秀,UK00273,E00273,user0273@example.com,user0273,人力资源部,专员,/公司/中国,manager3@example.com
金涛娜,UK00274,E00274,user0274@example.com,user0274,技术部,专员,/公司/美国,manager12@example.com
华丽涛,UK00275,E00275,user0275@example.com,user0275,市场部,总监,/公司/美国,manager18@example.com
郑霞丽,UK00276,E00276,user0276@example.com,user0276,运营部,经理,/公司/美国,manager4@example.com
陶秀英,UK00277,E00277,user0277@example.com,user0277,技术部,分析师,/公司/欧洲,manager17@example.com
钱涛霞,UK00278,E00278,user0278@example.com,user0278,财务部,总监,/公司/美国,manager15@example.com
赵勇刚,UK00279,E00279,user0279@example.com,user0279,人力资源部,分析师,/公司/欧洲,manager15@example.com
吴艳英,UK00280,E00280,user0280@example.com,user0280,财务部,专员,/公司/美国,manager15@example.com
赵超伟,UK00281,E00281,user0281@example.com,user0281,财务部,专员,/公司/美国,manager18@example.com
魏娟娟,UK00282,E00282,user0282@example.com,user0282,市场部,分析师,/公司/中国,manager20@example.com
冯敏伟,UK00283,E00283,user0283@example.com,user0283,财务部,专员,/公司/美国,manager20@example.com
蒋英明,UK00284,E00284,user0284@example.com,user0284,人力资源部,经理,/公司/欧洲,manager9@example.com
金磊军,UK00285,E00285,user0285@example.com,user0285,销售部,专员,/公司/中国,manager16@example.com
陶霞艳,UK00286,E00286,user0286@example.com,user0286,人力资源部,专员,/公司/美国,manager6@example.com
金军娟,UK00287,E00287,user0287@example.com,user0287,财务部,经理,/公司/欧洲,manager12@example.com
杨英涛,UK00288,E00288,user0288@example.com,user0288,运营部,专员,/公司/美国,manager4@example.com
杨磊艳,UK00289,E00289,user0289@example.com,user0289,人力资源部,总监,/公司/欧洲,manager16@example.com
华艳洋,UK00290,E00290,user0290@example.com,user0290,运营部,工程师,/公司/欧洲,manager5@example.com
李英英,UK00291,E00291,user0291@example.com,user0291,财务部,总监,/公司/中国,manager12@example.com
赵丽娜,UK00292,E00292,user0292@example.com,user0292,运营部,总监,/公司/欧洲,manager10@example.com
郑娟娟,UK00293,E00293,user0293@example.com,user0293,财务部,经理,/公司/欧洲,manager7@example.com
华丽平,UK00294,E00294,user0294@example.com,user0294,财务部,专员,/公司/中国,manager3@example.com
华洋敏,UK00295,E00295,user0295@example.com,user0295,技术部,经理,/公司/美国,manager14@example.com
冯勇刚,UK00296,E00296,user0296@example.com,user0296,人力资源部,专员,/公司/中国,manager3@example.com
金杰超,UK00297,E00297,user0297@example.com,user0297,人力资源部,总监,/公司/美国,manager18@example.com
姜军秀,UK00298,E00298,user0298@example.com,user0298,市场部,专员,/公司/欧洲,manager18@example.com
钱强刚,UK00299,E00299,user0299@example.com,user0299,财务部,分析师,/公司/中国,manager15@example.com
王娟强,UK00300,E00300,user0300@example.com,user0300,人力资源部,工程师,/公司/美国,manager7@example.com
蒋明勇,UK00301,E00301,user0301@example.com,user0301,技术部,经理,/公司/中国,manager17@example.com
陶强敏,UK00302,E00302,user0302@example.com,user0302,人力资源部,工程师,/公司/中国,manager7@example.com
王磊洋,UK00303,E00303,user0303@example.com,user0303,财务部,经理,/公司/欧洲,manager8@example.com
陶磊刚,UK00304,E00304,user0304@example.com,user0304,财务部,专员,/公司/欧洲,manager16@example.com
魏超强,UK00305,E00305,user0305@example.com,user0305,技术部,专员,/公司/欧洲,manager9@example.com
姜娜超,UK00306,E00306,user0306@example.com,user0306,财务部,工程师,/公司/美国,manager1@example.com
李英艳,UK00307,E00307,user0307@example.com,user0307,销售部,工程师,/公司/美国,manager10@example.com
金霞英,UK00308,E00308,user0308@example.com,user0308,运营部,经理,/公司/美国,manager6@example.com
蒋刚杰,UK00309,E00309,user0309@example.com,user0309,销售部,经理,/公司/欧洲,manager11@example.com
吴艳平,UK00310,E00310,user0310@example.com,user0310,人力资源部,工程师,/公司/美国,manager12@example.com
王英平,UK00311,E00311,user0311@example.com,user0311,销售部,专员,/公司/中国,manager2@example.com
冯平娟,UK00312,E00312,user0312@example.com,user0312,人力资源部,分析师,/公司/欧洲,manager15@example.com
杨伟勇,UK00313,E00313,user0313@example.com,user0313,市场部,经理,/公司/美国,manager14@example.com
陈刚静,UK00314,E00314,user0314@example.com,user0314,运营部,总监,/公司/中国,manager3@example.com
严强杰,UK00315,E00315,user0315@example.com,user0315,财务部,经理,/公司/欧洲,manager14@example.com
吴英静,UK00316,E00316,user0316@example.com,user0316,人力资源部,分析师,/公司/欧洲,manager8@example.com
金涛强,UK00317,E00317,user0317@example.com,user0317,技术部,分析师,/公司/欧洲,manager19@example.com
赵娜洋,UK00318,E00318,user0318@example.com,user0318,技术部,经理,/公司/欧洲,manager3@example.com
王敏伟,UK00319,E00319,user0319@example.com,user0319,市场部,工程师,/公司/中国,manager14@example.com
张霞强,UK00320,E00320,user0320@example.com,user0320,运营部,经理,/公司/欧洲,manager12@example.com
李英艳,UK00321,E00321,user0321@example.com,user0321,运营部,专员,/公司/欧洲,manager9@example.com
陈娟英,UK00322,E00322,user0322@example.com,user0322,财务部,经理,/公司/欧洲,manager17@example.com
杨娟刚,UK00323,E00323,user0323@example.com,user0323,人力资源部,经理,/公司/美国,manager13@example.com
周娟军,UK00324,E00324,user0324@example.com,user0324,人力资源部,分析师,/公司/欧洲,manager11@example.com
严军丽,UK00325,E00325,user0325@example.com,user0325,运营部,分析师,/公司/中国,manager19@example.com
依布拉音娜娟,UK00326,E00326,user0326@example.com,user0326,财务部,分析师,/公司/中国,manager13@example.com
周娟刚,UK00327,E00327,user0327@example.com,user0327,运营部,分析师,/公司/欧洲,manager20@example.com
冯磊丽,UK00328,E00328,user0328@example.com,user0328,技术部,总监,/公司/欧洲,manager10@example.com
郑娟芳,UK00329,E00329,user0329@example.com,user0329,市场部,经理,/公司/中国,manager1@example.com
阿依强艳秀,UK00330,E00330,user0330@example.com,user0330,市场部,工程师,/公司/中国,manager6@example.com
陈涛杰,UK00331,E00331,user0331@example.com,user0331,人力资源部,分析师,/公司/美国,manager11@example.com
陈芳伟,UK00332,E00332,user0332@example.com,user0332,市场部,经理,/公司/美国,manager14@example.com
周洋丽,UK00333,E00333,user0333@example.com,user0333,人力资源部,分析师,/公司/欧洲,manager8@example.com
陈刚静,UK00334,E00334,user0334@example.com,user0334,销售部,经理,/公司/中国,manager3@example.com
钱艳洋,UK00335,E00335,user0335@example.com,user0335,市场部,分析师,/公司/美国,manager5@example.com
杨艳平,UK00336,E00336,user0336@example.com,user0336,运营部,经理,/公司/欧洲,manager14@example.com
郑芳刚,UK00337,E00337,user0337@example.com,user0337,销售部,专员,/公司/美国,manager19@example.com
韩勇超,UK00338,E00338,user0338@example.com,user0338,人力资源部,专员,/公司/欧洲,manager4@example.com
王洋军,UK00339,E00339,user0339@example.com,user0339,运营部,专员,/公司/美国,manager5@example.com
严伟明,UK00340,E00340,user0340@example.com,user0340,技术部,总监,/公司/美国,manager4@example.com
孙丽磊,UK00341,E00341,user0341@example.com,user0341,人力资源部,经理,/公司/欧洲,manager13@example.com
姜娟芳,UK00342,E00342,user0342@example.com,user0342,销售部,分析师,/公司/美国,manager4@example.com
陶军静,UK00343,E00343,user0343@example.com,user0343,技术部,工程师,/公司/美国,manager8@example.com
魏霞伟,UK00344,E00344,user0344@example.com,user0344,运营部,专员,/公司/美国,manager7@example.com
陶磊秀,UK00345,E00345,user0345@example.com,user0345,市场部,专员,/公司/中国,manager18@example.com
孙明勇,UK00346,E00346,user0346@example.com,user0346,财务部,专员,/公司/美国,manager3@example.com
郑磊军,UK00347,E00347,user0347@example.com,user0347,人力资源部,专员,/公司/欧洲,manager4@example.com
钱勇勇,UK00348,E00348,user0348@example.com,user0348,财务部,工程师,/公司/美国,manager14@example.com
王霞英,UK00349,E00349,user0349@example.com,user0349,财务部,经理,/公司/欧洲,manager13@example.com
陈丽强,UK00350,E00350,user0350@example.com,user0350,市场部,经理,/公司/中国,manager14@example.com
魏杰涛,UK00351,E00351,user0351@example.com,user0351,技术部,总监,/公司/中国,manager8@example.com
钱刚平,UK00352,E00352,user0352@example.com,user0352,人力资源部,分析师,/公司/美国,manager16@example.com
曹英静,UK00353,E00353,user0353@example.com,user0353,人力资源部,专员,/公司/美国,manager2@example.com
韩秀明,UK00354,E00354,user0354@example.com,user0354,技术部,总监,/公司/欧洲,manager1@example.com
杨丽杰,UK00355,E00355,user0355@example.com,user0355,技术部,专员,/公司/美国,manager19@example.com
沈娟秀,UK00356,E00356,user0356@example.com,user0356,运营部,经理,/公司/欧洲,manager7@example.com
金娜英,UK00357,E00357,user0357@example.com,user0357,人力资源部,总监,/公司/中国,manager19@example.com
陶丽英,UK00358,E00358,user0358@example.com,user0358,市场部,总监,/公司/欧洲,manager6@example.com
蒋静涛,UK00359,E00359,user0359@example.com,user0359,运营部,工程师,/公司/欧洲,manager5@example.com
拓跋强英秀,UK00360,E00360,user0360@example.com,user0360,市场部,总监,/公司/中国,manager9@example.com
姜霞洋,UK00361,E00361,user0361@example.com,user0361,运营部,工程师,/公司/欧洲,manager19@example.com
沈静磊,UK00362,E00362,user0362@example.com,user0362,销售部,总监,/公司/中国,manager1@example.com
韩秀平,UK00363,E00363,user0363@example.com,user0363,财务部,工程师,/公司/欧洲,manager18@example.com
蒋刚伟,UK00364,E00364,user0364@example.com,user0364,运营部,总监,/公司/中国,manager19@example.com
李明洋,UK00365,E00365,user0365@example.com,user0365,人力资源部,分析师,/公司/美国,manager20@example.com
周勇霞,UK00366,E00366,user0366@example.com,user0366,技术部,工程师,/公司/中国,manager16@example.com
韩敏明,UK00367,E00367,user0367@example.com,user0367,销售部,专员,/公司/美国,manager15@example.com
周敏洋,UK00368,E00368,user0368@example.com,user0368,技术部,分析师,/公司/欧洲,manager14@example.com
陈静磊,UK00369,E00369,user0369@example.com,user0369,技术部,经理,/公司/美国,manager5@example.com
蒋勇霞,UK00370,E00370,user0370@example.com,user0370,财务部,总监,/公司/中国,manager11@example.com
郑艳静,UK00371,E00371,user0371@example.com,user0371,市场部,经理,/公司/美国,manager8@example.com
李杰强,UK00372,E00372,user0372@example.com,user0372,销售部,工程师,/公司/欧洲,manager8@example.com
郑平洋,UK00373,E00373,user0373@example.com,user0373,市场部,经理,/公司/欧洲,manager14@example.com
孙丽娟,UK00374,E00374,user0374@example.com,user0374,运营部,分析师,/公司/美国,manager13@example.com
买买提军丽,UK00375,E00375,user0375@example.com,user0375,运营部,专员,/公司/欧洲,manager13@example.com
严娜强,UK00376,E00376,user0376@example.com,user0376,人力资源部,专员,/公司/中国,manager17@example.com
韩伟强,UK00377,E00377,user0377@example.com,user0377,销售部,专员,/公司/欧洲,manager7@example.com
金丽敏,UK00378,E00378,user0378@example.com,user0378,人力资源部,专员,/公司/中国,manager3@example.com
赵艳磊,UK00379,E00379,user0379@example.com,user0379,销售部,工程师,/公司/欧洲,manager15@example.com
吴丽静,UK00380,E00380,user0380@example.com,user0380,运营部,经理,/公司/欧洲,manager8@example.com
张娜静,UK00381,E00381,user0381@example.com,user0381,市场部,经理,/公司/美国,manager2@example.com
孙丽静,UK00382,E00382,user0382@example.com,user0382,市场部,工程师,/公司/欧洲,manager12@example.com
韩娟超,UK00383,E00383,user0383@example.com,user0383,运营部,总监,/公司/中国,manager6@example.com
孙静涛,UK00384,E00384,user0384@example.com,user0384,财务部,总监,/公司/美国,manager9@example.com
郑勇英,UK00385,E00385,user0385@example.com,user0385,技术部,经理,/公司/欧洲,manager9@example.com
冯艳芳,UK00386,E00386,user0386@example.com,user0386,运营部,经理,/公司/中国,manager5@example.com
金平秀,UK00387,E00387,user0387@example.com,user0387,运营部,经理,/公司/中国,manager17@example.com
蒋杰强,UK00388,E00388,user0388@example.com,user0388,运营部,分析师,/公司/欧洲,manager17@example.com
陈涛丽,UK00389,E00389,user0389@example.com,user0389,运营部,总监,/公司/欧洲,manager5@example.com
张敏丽,UK00390,E00390,user0390@example.com,user0390,人力资源部,经理,/公司/欧洲,manager1@example.com
赵芳英,UK00391,E00391,user0391@example.com,user0391,人力资源部,总监,/公司/美国,manager3@example.com
孙涛军,UK00392,E00392,user0392@example.com,user0392,销售部,经理,/公司/美国,manager11@example.com
金平芳,UK00393,E00393,user0393@example.com,user0393,销售部,总监,/公司/美国,manager5@example.com
韩霞军,UK00394,E00394,user0394@example.com,user0394,人力资源部,总监,/公司/美国,manager4@example.com
赵敏明,UK00395,E00395,user0395@example.com,user0395,人力资源部,分析师,/公司/欧洲,manager20@example.com
严娟杰,UK00396,E00396,user0396@example.com,user0396,运营部,专员,/公司/美国,manager19@example.com
王静洋,UK00397,E00397,user0397@example.com,user0397,运营部,总监,/公司/美国,manager7@example.com
蒋平娜,UK00398,E00398,user0398@example.com,user0398,运营部,专员,/公司/美国,manager11@example.com
赵军刚,UK00399,E00399,user0399@example.com,user0399,销售部,专员,/公司/中国,manager17@example.com
郑明芳,UK00400,E00400,user0400@example.com,user0400,销售部,总监,/公司/中国,manager8@example.com
李英霞,UK00401,E00401,user0401@example.com,user0401,销售部,专员,/公司/中国,manager5@example.com
蒋磊敏,UK00402,E00402,user0402@example.com,user0402,财务部,总监,/公司/中国,manager14@example.com
周静军,UK00403,E00403,user0403@example.com,user0403,财务部,专员,/公司/中国,manager3@example.com
魏强芳,UK00404,E00404,user0404@example.com,user0404,技术部,工程师,/公司/美国,manager20@example.com
冯秀超,UK00405,E00405,user0405@example.com,user0405,运营部,工程师,/公司/中国,manager13@example.com
陶娟丽,UK00406,E00406,user0406@example.com,user0406,运营部,经理,/公司/欧洲,manager9@example.com
周明杰,UK00407,E00407,user0407@example.com,user0407,运营部,分析师,/公司/中国,manager4@example.com
赵丽勇,UK00408,E00408,user0408@example.com,user0408,运营部,总监,/公司/欧洲,manager17@example.com
孙英娜,UK00409,E00409,user0409@example.com,user0409,财务部,工程师,/公司/中国,manager8@example.com
陶艳平,UK00410,E00410,user0410@example.com,user0410,财务部,经理,/公司/美国,manager4@example.com
钱超洋,UK00411,E00411,user0411@example.com,user0411,财务部,经理,/公司/中国,manager19@example.com
钱静霞,UK00412,E00412,user0412@example.com,user0412,财务部,分析师,/公司/欧洲,manager7@example.com
钱军强,UK00413,E00413,user0413@example.com,user0413,销售部,经理,/公司/美国,manager12@example.com
陈军静,UK00414,E00414,user0414@example.com,user0414,人力资源部,分析师,/公司/中国,manager3@example.com
艾合买提娟丽,UK00415,E00415,user0415@example.com,user0415,销售部,专员,/公司/美国,manager7@example.com
王涛磊,UK00416,E00416,user0416@example.com,user0416,技术部,工程师,/公司/中国,manager18@example.com
华娜军,UK00417,E00417,user0417@example.com,user0417,技术部,专员,/公司/美国,manager13@example.com
蒋静英,UK00418,E00418,user0418@example.com,user0418,市场部,分析师,/公司/中国,manager9@example.com
陈秀磊,UK00419,E00419,user0419@example.com,user0419,运营部,工程师,/公司/美国,manager11@example.com
孙丽涛,UK00420,E00420,user0420@example.com,user0420,运营部,工程师,/公司/美国,manager13@example.com
陶杰芳,UK00421,E00421,user0421@example.com,user0421,销售部,专员,/公司/中国,manager16@example.com
魏霞娟,UK00422,E00422,user0422@example.com,user0422,技术部,总监,/公司/欧洲,manager5@example.com
姜勇英,UK00423,E00423,user0423@example.com,user0423,财务部,工程师,/公司/美国,manager8@example.com
曹芳娟,UK00424,E00424,user0424@example.com,user0424,技术部,专员,/公司/中国,manager8@example.com
钱磊强,UK00425,E00425,user0425@example.com,user0425,人力资源部,专员,/公司/欧洲,manager3@example.com
陈涛明,UK00426,E00426,user0426@example.com,user0426,销售部,分析师,/公司/欧洲,manager8@example.com
赵军平,UK00427,E00427,user0427@example.com,user0427,市场部,总监,/公司/中国,manager1@example.com
魏芳静,UK00428,E00428,user0428@example.com,user0428,销售部,专员,/公司/美国,manager20@example.com
周军洋,UK00429,E00429,user0429@example.com,user0429,市场部,经理,/公司/美国,manager3@example.com
冯杰伟,UK00430,E00430,user0430@example.com,user0430,销售部,经理,/公司/欧洲,manager8@example.com
金明敏,UK00431,E00431,user0431@example.com,user0431,财务部,专员,/公司/欧洲,manager6@example.com
冯勇勇,UK00432,E00432,user0432@example.com,user0432,财务部,分析师,/公司/中国,manager11@example.com
钱杰丽,UK00433,E00433,user0433@example.com,user0433,运营部,经理,/公司/中国,manager15@example.com
吴杰娟,UK00434,E00434,user0434@example.com,user0434,技术部,总监,/公司/美国,manager20@example.com
华丽伟,UK00435,E00435,user0435@example.com,user0435,财务部,分析师,/公司/中国,manager3@example.com
艾合买提娟刚刚,UK00436,E00436,user0436@example.com,user0436,技术部,分析师,/公司/中国,manager15@example.com
李丽涛,UK00437,E00437,user0437@example.com,user0437,运营部,经理,/公司/美国,manager15@example.com
郑芳平,UK00438,E00438,user0438@example.com,user0438,技术部,分析师,/公司/欧洲,manager15@example.com
华丽丽,UK00439,E00439,user0439@example.com,user0439,市场部,总监,/公司/中国,manager6@example.com
姜刚平,UK00440,E00440,user0440@example.com,user0440,技术部,工程师,/公司/中国,manager18@example.com
姜丽秀,UK00441,E00441,user0441@example.com,user0441,销售部,分析师,/公司/美国,manager13@example.com
姜杰伟,UK00442,E00442,user0442@example.com,user0442,财务部,经理,/公司/中国,manager6@example.com
金芳伟,UK00443,E00443,user0443@example.com,user0443,技术部,分析师,/公司/欧洲,manager14@example.com
杨丽娜,UK00444,E00444,user0444@example.com,user0444,技术部,经理,/公司/中国,manager7@example.com
钱敏洋,UK00445,E00445,user0445@example.com,user0445,销售部,工程师,/公司/中国,manager14@example.com
陈伟刚,UK00446,E00446,user0446@example.com,user0446,财务部,总监,/公司/欧洲,manager3@example.com
金娟勇,UK00447,E00447,user0447@example.com,user0447,技术部,经理,/公司/中国,manager14@example.com
李超霞,UK00448,E00448,user0448@example.com,user0448,运营部,分析师,/公司/美国,manager2@example.com
欧阳娟芳,UK00449,E00449,user0449@example.com,user0449,技术部,总监,/公司/欧洲,manager6@example.com
魏涛伟,UK00450,E00450,user0450@example.com,user0450,技术部,专员,/公司/中国,manager17@example.com
吴丽霞,UK00451,E00451,user0451@example.com,user0451,技术部,经理,/公司/美国,manager4@example.com
王霞明,UK00452,E00452,user0452@example.com,user0452,市场部,工程师,/公司/美国,manager15@example.com
严杰静,UK00453,E00453,user0453@example.com,user0453,市场部,经理,/公司/欧洲,manager1@example.com
郑明静,UK00454,E00454,user0454@example.com,user0454,技术部,专员,/公司/中国,manager1@example.com
钱平娟,UK00455,E00455,user0455@example.com,user0455,销售部,分析师,/公司/美国,manager10@example.com
杨艳军,UK00456,E00456,user0456@example.com,user0456,财务部,分析师,/公司/欧洲,manager14@example.com
张娜娟,UK00457,E00457,user0457@example.com,user0457,人力资源部,经理,/公司/中国,manager9@example.com
严明静,UK00458,E00458,user0458@example.com,user0458,技术部,专员,/公司/欧洲,manager8@example.com
孙明洋,UK00459,E00459,user0459@example.com,user0459,市场部,工程师,/公司/美国,manager3@example.com
姜强强,UK00460,E00460,user0460@example.com,user0460,财务部,经理,/公司/美国,manager15@example.com
冯娜超,UK00461,E00461,user0461@example.com,user0461,运营部,总监,/公司/美国,manager16@example.com
韩平勇,UK00462,E00462,user0462@example.com,user0462,人力资源部,工程师,/公司/欧洲,manager20@example.com
沈英军,UK00463,E00463,user0463@example.com,user0463,技术部,经理,/公司/中国,manager16@example.com
魏芳杰,UK00464,E00464,user0464@example.com,user0464,财务部,专员,/公司/美国,manager11@example.com
郑超丽,UK00465,E00465,user0465@example.com,user0465,财务部,工程师,/公司/美国,manager19@example.com
郑娟勇,UK00466,E00466,user0466@example.com,user0466,人力资源部,工程师,/公司/美国,manager2@example.com
姜英娟,UK00467,E00467,user0467@example.com,user0467,财务部,工程师,/公司/中国,manager8@example.com
张静芳,UK00468,E00468,user0468@example.com,user0468,人力资源部,专员,/公司/中国,manager20@example.com
曹敏丽,UK00469,E00469,user0469@example.com,user0469,人力资源部,专员,/公司/欧洲,manager11@example.com
杨超强,UK00470,E00470,user0470@example.com,user0470,人力资源部,专员,/公司/欧洲,manager1@example.com
严勇磊,UK00471,E00471,user0471@example.com,user0471,人力资源部,分析师,/公司/中国,manager18@example.com
吴明霞,UK00472,E00472,user0472@example.com,user0472,市场部,分析师,/公司/美国,manager18@example.com
张平霞,UK00473,E00473,user0473@example.com,user0473,市场部,经理,/公司/美国,manager14@example.com
张强超,UK00474,E00474,user0474@example.com,user0474,财务部,总监,/公司/中国,manager12@example.com
陈涛伟,UK00475,E00475,user0475@example.com,user0475,运营部,工程师,/公司/美国,manager2@example.com
郑芳伟,UK00476,E00476,user0476@example.com,user0476,人力资源部,分析师,/公司/欧洲,manager15@example.com
曹英丽,UK00477,E00477,user0477@example.com,user0477,财务部,工程师,/公司/美国,manager12@example.com
陶勇军,UK00478,E00478,user0478@example.com,user0478,人力资源部,工程师,/公司/欧洲,manager8@example.com
杨芳明,UK00479,E00479,user0479@example.com,user0479,销售部,经理,/公司/欧洲,manager10@example.com
沈敏杰,UK00480,E00480,user0480@example.com,user0480,人力资源部,工程师,/公司/美国,manager9@example.com
张强艳,UK00481,E00481,user0481@example.com,user0481,技术部,经理,/公司/欧洲,manager18@example.com
郑娜洋,UK00482,E00482,user0482@example.com,user0482,技术部,分析师,/公司/美国,manager8@example.com
蒋秀洋,UK00483,E00483,user0483@example.com,user0483,财务部,经理,/公司/欧洲,manager19@example.com
陈杰芳,UK00484,E00484,user0484@example.com,user0484,市场部,专员,/公司/美国,manager2@example.com
郑军涛,UK00485,E00485,user0485@example.com,user0485,人力资源部,专员,/公司/中国,manager17@example.com
李秀娟,UK00486,E00486,user0486@example.com,user0486,运营部,经理,/公司/中国,manager10@example.com
华秀静,UK00487,E00487,user0487@example.com,user0487,市场部,总监,/公司/中国,manager11@example.com
王艳霞,UK00488,E00488,user0488@example.com,user0488,运营部,分析师,/公司/美国,manager3@example.com
姜静娜,UK00489,E00489,user0489@example.com,user0489,运营部,经理,/公司/中国,manager9@example.com
陶静丽,UK00490,E00490,user0490@example.com,user0490,技术部,总监,/公司/美国,manager2@example.com
姜芳勇,UK00491,E00491,user0491@example.com,user0491,销售部,经理,/公司/美国,manager19@example.com
郑艳明,UK00492,E00492,user0492@example.com,user0492,市场部,总监,/公司/中国,manager15@example.com
吴丽英,UK00493,E00493,user0493@example.com,user0493,市场部,工程师,/公司/欧洲,manager17@example.com
孙勇艳,UK00494,E00494,user0494@example.com,user0494,市场部,工程师,/公司/欧洲,manager7@example.com
周敏强,UK00495,E00495,user0495@example.com,user0495,运营部,分析师,/公司/美国,manager4@example.com
王英磊,UK00496,E00496,user0496@example.com,user0496,人力资源部,总监,/公司/欧洲,manager15@example.com
周静娜,UK00497,E00497,user0497@example.com,user0497,销售部,分析师,/公司/欧洲,manager15@example.com
钱军秀,UK00498,E00498,user0498@example.com,user0498,市场部,工程师,/公司/美国,manager9@example.com
华芳秀,UK00499,E00499,user0499@example.com,user0499,市场部,专员,/公司/美国,manager20@example.com
金强霞,UK00500,E00500,user0500@example.com,user0500,财务部,工程师,/公司/欧洲,manager3@example.com
吴芳丽,UK00501,E00501,user0501@example.com,user0501,人力资源部,总监,/公司/欧洲,manager16@example.com
钱英伟,UK00502,E00502,user0502@example.com,user0502,财务部,经理,/公司/美国,manager8@example.com
华芳英,UK00503,E00503,user0503@example.com,user0503,运营部,专员,/公司/欧洲,manager9@example.com
吴超磊,UK00504,E00504,user0504@example.com,user0504,运营部,经理,/公司/美国,manager10@example.com
姜军芳,UK00505,E00505,user0505@example.com,user0505,运营部,专员,/公司/美国,manager19@example.com
李静刚,UK00506,E00506,user0506@example.com,user0506,人力资源部,分析师,/公司/欧洲,manager17@example.com
金杰磊,UK00507,E00507,user0507@example.com,user0507,人力资源部,专员,/公司/中国,manager4@example.com
上官霞霞,UK00508,E00508,user0508@example.com,user0508,销售部,经理,/公司/欧洲,manager2@example.com
孙平涛,UK00509,E00509,user0509@example.com,user0509,运营部,经理,/公司/中国,manager19@example.com
李平霞,UK00510,E00510,user0510@example.com,user0510,销售部,经理,/公司/欧洲,manager7@example.com
金超伟,UK00511,E00511,user0511@example.com,user0511,人力资源部,工程师,/公司/欧洲,manager1@example.com
钱杰刚,UK00512,E00512,user0512@example.com,user0512,技术部,总监,/公司/美国,manager20@example.com
买买提芳霞娟,UK00513,E00513,user0513@example.com,user0513,人力资源部,总监,/公司/欧洲,manager16@example.com
蒋英英,UK00514,E00514,user0514@example.com,user0514,销售部,分析师,/公司/美国,manager9@example.com
李英敏,UK00515,E00515,user0515@example.com,user0515,运营部,专员,/公司/美国,manager2@example.com
赵娟杰,UK00516,E00516,user0516@example.com,user0516,销售部,总监,/公司/美国,manager15@example.com
姜明军,UK00517,E00517,user0517@example.com,user0517,人力资源部,工程师,/公司/欧洲,manager11@example.com
吴静超,UK00518,E00518,user0518@example.com,user0518,销售部,经理,/公司/中国,manager7@example.com
韩超强,UK00519,E00519,user0519@example.com,user0519,市场部,专员,/公司/中国,manager9@example.com
沈军超,UK00520,E00520,user0520@example.com,user0520,技术部,分析师,/公司/美国,manager4@example.com
张敏杰,UK00521,E00521,user0521@example.com,user0521,销售部,总监,/公司/欧洲,manager19@example.com
杨杰英,UK00522,E00522,user0522@example.com,user0522,技术部,总监,/公司/中国,manager7@example.com
韩娜明,UK00523,E00523,user0523@example.com,user0523,技术部,经理,/公司/中国,manager7@example.com
曹杰芳,UK00524,E00524,user0524@example.com,user0524,技术部,工程师,/公司/美国,manager6@example.com
吴芳明,UK00525,E00525,user0525@example.com,user0525,运营部,工程师,/公司/中国,manager14@example.com
郑伟勇,UK00526,E00526,user0526@example.com,user0526,销售部,经理,/公司/欧洲,manager12@example.com
李秀艳,UK00527,E00527,user0527@example.com,user0527,销售部,分析师,/公司/欧洲,manager9@example.com
严洋勇,UK00528,E00528,user0528@example.com,user0528,市场部,专员,/公司/美国,manager18@example.com
姜娟超,UK00529,E00529,user0529@example.com,user0529,技术部,经理,/公司/美国,manager14@example.com
依布拉音娜涛静,UK00530,E00530,user0530@example.com,user0530,人力资源部,经理,/公司/中国,manager15@example.com
蒋艳军,UK00531,E00531,user0531@example.com,user0531,运营部,专员,/公司/美国,manager20@example.com
周磊娜,UK00532,E00532,user0532@example.com,user0532,财务部,分析师,/公司/中国,manager16@example.com
陈涛霞,UK00533,E00533,user0533@example.com,user0533,人力资源部,总监,/公司/欧洲,manager8@example.com
曹霞敏,UK00534,E00534,user0534@example.com,user0534,财务部,经理,/公司/欧洲,manager13@example.com
金勇娜,UK00535,E00535,user0535@example.com,user0535,运营部,工程师,/公司/欧洲,manager13@example.com
冯勇丽,UK00536,E00536,user0536@example.com,user0536,销售部,分析师,/公司/欧洲,manager3@example.com
曹勇杰,UK00537,E00537,user0537@example.com,user0537,运营部,分析师,/公司/欧洲,manager17@example.com
华平勇,UK00538,E00538,user0538@example.com,user0538,财务部,经理,/公司/欧洲,manager4@example.com
金强娜,UK00539,E00539,user0539@example.com,user0539,人力资源部,工程师,/公司/欧洲,manager9@example.com
钱磊芳,UK00540,E00540,user0540@example.com,user0540,技术部,专员,/公司/欧洲,manager13@example.com
魏平敏,UK00541,E00541,user0541@example.com,user0541,销售部,工程师,/公司/欧洲,manager2@example.com
钱艳刚,UK00542,E00542,user0542@example.com,user0542,运营部,经理,/公司/中国,manager17@example.com
张杰英,UK00543,E00543,user0543@example.com,user0543,市场部,经理,/公司/欧洲,manager17@example.com
张军强,UK00544,E00544,user0544@example.com,user0544,技术部,总监,/公司/中国,manager6@example.com
钱霞艳,UK00545,E00545,user0545@example.com,user0545,财务部,分析师,/公司/中国,manager1@example.com
华平刚,UK00546,E00546,user0546@example.com,user0546,技术部,总监,/公司/中国,manager20@example.com
金勇芳,UK00547,E00547,user0547@example.com,user0547,技术部,专员,/公司/美国,manager19@example.com
冯秀霞,UK00548,E00548,user0548@example.com,user0548,销售部,专员,/公司/美国,manager4@example.com
姜霞静,UK00549,E00549,user0549@example.com,user0549,市场部,专员,/公司/美国,manager2@example.com
钱涛霞,UK00550,E00550,user0550@example.com,user0550,财务部,分析师,/公司/中国,manager1@example.com
严勇丽,UK00551,E00551,user0551@example.com,user0551,销售部,分析师,/公司/美国,manager6@example.com
姜洋洋,UK00552,E00552,user0552@example.com,user0552,人力资源部,经理,/公司/欧洲,manager14@example.com
曹伟丽,UK00553,E00553,user0553@example.com,user0553,运营部,专员,/公司/美国,manager13@example.com
周芳军,UK00554,E00554,user0554@example.com,user0554,运营部,总监,/公司/欧洲,manager14@example.com
华娟军,UK00555,E00555,user0555@example.com,user0555,人力资源部,工程师,/公司/中国,manager7@example.com
华涛秀,UK00556,E00556,user0556@example.com,user0556,技术部,经理,/公司/中国,manager6@example.com
金艳敏,UK00557,E00557,user0557@example.com,user0557,财务部,专员,/公司/欧洲,manager12@example.com
阿依超丽霞,UK00558,E00558,user0558@example.com,user0558,财务部,专员,/公司/欧洲,manager10@example.com
郑娜明,UK00559,E00559,user0559@example.com,user0559,技术部,专员,/公司/欧洲,manager10@example.com
陶勇静,UK00560,E00560,user0560@example.com,user0560,人力资源部,经理,/公司/欧洲,manager4@example.com
赵磊丽,UK00561,E00561,user0561@example.com,user0561,人力资源部,总监,/公司/美国,manager12@example.com
姜洋刚,UK00562,E00562,user0562@example.com,user0562,人力资源部,总监,/公司/欧洲,manager17@example.com
周刚静,UK00563,E00563,user0563@example.com,user0563,市场部,经理,/公司/美国,manager6@example.com
蒋伟超,UK00564,E00564,user0564@example.com,user0564,市场部,总监,/公司/中国,manager19@example.com
姜艳明,UK00565,E00565,user0565@example.com,user0565,运营部,经理,/公司/中国,manager16@example.com
魏娟敏,UK00566,E00566,user0566@example.com,user0566,技术部,总监,/公司/欧洲,manager2@example.com
王霞军,UK00567,E00567,user0567@example.com,user0567,技术部,分析师,/公司/中国,manager18@example.com
韩霞伟,UK00568,E00568,user0568@example.com,user0568,销售部,工程师,/公司/欧洲,manager13@example.com
韩强超,UK00569,E00569,user0569@example.com,user0569,销售部,分析师,/公司/美国,manager20@example.com
周平军,UK00570,E00570,user0570@example.com,user0570,人力资源部,专员,/公司/欧洲,manager15@example.com
金涛敏,UK00571,E00571,user0571@example.com,user0571,运营部,总监,/公司/欧洲,manager12@example.com
李军丽,UK00572,E00572,user0572@example.com,user0572,人力资源部,专员,/公司/中国,manager8@example.com
吴杰丽,UK00573,E00573,user0573@example.com,user0573,市场部,分析师,/公司/美国,manager9@example.com
严芳娟,UK00574,E00574,user0574@example.com,user0574,技术部,工程师,/公司/美国,manager20@example.com
金明勇,UK00575,E00575,user0575@example.com,user0575,市场部,工程师,/公司/中国,manager3@example.com
魏静艳,UK00576,E00576,user0576@example.com,user0576,技术部,专员,/公司/中国,manager18@example.com
华霞刚,UK00577,E00577,user0577@example.com,user0577,财务部,经理,/公司/美国,manager15@example.com
严刚刚,UK00578,E00578,user0578@example.com,user0578,销售部,经理,/公司/中国,manager6@example.com
买买提娟霞,UK00579,E00579,user0579@example.com,user0579,销售部,总监,/公司/美国,manager3@example.com
王超明,UK00580,E00580,user0580@example.com,user0580,财务部,工程师,/公司/美国,manager16@example.com
李英超,UK00581,E00581,user0581@example.com,user0581,运营部,经理,/公司/欧洲,manager9@example.com
王勇军,UK00582,E00582,user0582@example.com,user0582,人力资源部,专员,/公司/中国,manager15@example.com
冯秀敏,UK00583,E00583,user0583@example.com,user0583,技术部,分析师,/公司/中国,manager7@example.com
李伟勇,UK00584,E00584,user0584@example.com,user0584,人力资源部,分析师,/公司/美国,manager2@example.com
钱磊涛,UK00585,E00585,user0585@example.com,user0585,销售部,专员,/公司/美国,manager12@example.com
李伟洋,UK00586,E00586,user0586@example.com,user0586,财务部,专员,/公司/美国,manager17@example.com
韩艳杰,UK00587,E00587,user0587@example.com,user0587,财务部,专员,/公司/中国,manager11@example.com
冯艳静,UK00588,E00588,user0588@example.com,user0588,市场部,工程师,/公司/美国,manager6@example.com
姜强娜,UK00589,E00589,user0589@example.com,user0589,财务部,经理,/公司/中国,manager20@example.com
蒋娟涛,UK00590,E00590,user0590@example.com,user0590,销售部,经理,/公司/美国,manager20@example.com
王平刚,UK00591,E00591,user0591@example.com,user0591,市场部,工程师,/公司/中国,manager4@example.com
韩涛静,UK00592,E00592,user0592@example.com,user0592,财务部,经理,/公司/美国,manager15@example.com
郑强英,UK00593,E00593,user0593@example.com,user0593,运营部,工程师,/公司/美国,manager16@example.com
孙伟秀,UK00594,E00594,user0594@example.com,user0594,市场部,专员,/公司/美国,manager16@example.com
王军娜,UK00595,E00595,user0595@example.com,user0595,市场部,专员,/公司/美国,manager1@example.com
沈强超,UK00596,E00596,user0596@example.com,user0596,人力资源部,工程师,/公司/欧洲,manager15@example.com
吴芳娟,UK00597,E00597,user0597@example.com,user0597,运营部,经理,/公司/中国,manager14@example.com
钱明军,UK00598,E00598,user0598@example.com,user0598,技术部,专员,/公司/欧洲,manager3@example.com
魏涛磊,UK00599,E00599,user0599@example.com,user0599,运营部,分析师,/公司/中国,manager11@example.com
钱军超,UK00600,E00600,user0600@example.com,user0600,人力资源部,总监,/公司/美国,manager14@example.com
杨强霞,UK00601,E00601,user0601@example.com,user0601,财务部,工程师,/公司/欧洲,manager5@example.com
李明英,UK00602,E00602,user0602@example.com,user0602,销售部,工程师,/公司/欧洲,manager7@example.com
赵敏娟,UK00603,E00603,user0603@example.com,user0603,财务部,总监,/公司/中国,manager18@example.com
姜霞平,UK00604,E00604,user0604@example.com,user0604,财务部,总监,/公司/美国,manager20@example.com
严军明,UK00605,E00605,user0605@example.com,user0605,运营部,经理,/公司/美国,manager6@example.com
韩娜涛,UK00606,E00606,user0606@example.com,user0606,财务部,经理,/公司/中国,manager5@example.com
沈涛强,UK00607,E00607,user0607@example.com,user0607,销售部,经理,/公司/中国,manager2@example.com
钱平勇,UK00608,E00608,user0608@example.com,user0608,技术部,工程师,/公司/欧洲,manager9@example.com
吴霞秀,UK00609,E00609,user0609@example.com,user0609,财务部,经理,/公司/中国,manager13@example.com
韩秀磊,UK00610,E00610,user0610@example.com,user0610,运营部,总监,/公司/中国,manager8@example.com
杨刚勇,UK00611,E00611,user0611@example.com,user0611,运营部,总监,/公司/美国,manager20@example.com
韩英伟,UK00612,E00612,user0612@example.com,user0612,市场部,专员,/公司/美国,manager18@example.com
陶丽磊,UK00613,E00613,user0613@example.com,user0613,市场部,分析师,/公司/美国,manager6@example.com
郑芳强,UK00614,E00614,user0614@example.com,user0614,财务部,专员,/公司/美国,manager13@example.com
姜平军,UK00615,E00615,user0615@example.com,user0615,销售部,总监,/公司/中国,manager3@example.com
曹秀明,UK00616,E00616,user0616@example.com,user0616,财务部,专员,/公司/中国,manager5@example.com
李伟芳,UK00617,E00617,user0617@example.com,user0617,人力资源部,工程师,/公司/中国,manager17@example.com
王刚磊,UK00618,E00618,user0618@example.com,user0618,销售部,工程师,/公司/欧洲,manager20@example.com
钱平明,UK00619,E00619,user0619@example.com,user0619,技术部,经理,/公司/美国,manager17@example.com
李芳涛,UK00620,E00620,user0620@example.com,user0620,技术部,总监,/公司/中国,manager17@example.com
陈霞丽,UK00621,E00621,user0621@example.com,user0621,运营部,专员,/公司/欧洲,manager5@example.com
陈平娟,UK00622,E00622,user0622@example.com,user0622,销售部,专员,/公司/中国,manager15@example.com
郑洋娜,UK00623,E00623,user0623@example.com,user0623,运营部,经理,/公司/欧洲,manager2@example.com
姜平霞,UK00624,E00624,user0624@example.com,user0624,销售部,分析师,/公司/中国,manager3@example.com
冯刚洋,UK00625,E00625,user0625@example.com,user0625,人力资源部,经理,/公司/中国,manager7@example.com
魏秀洋,UK00626,E00626,user0626@example.com,user0626,技术部,总监,/公司/中国,manager3@example.com
陈艳强,UK00627,E00627,user0627@example.com,user0627,技术部,工程师,/公司/中国,manager13@example.com
钱丽娟,UK00628,E00628,user0628@example.com,user0628,技术部,专员,/公司/中国,manager2@example.com
冯娟强,UK00629,E00629,user0629@example.com,user0629,人力资源部,工程师,/公司/美国,manager14@example.com
华秀娟,UK00630,E00630,user0630@example.com,user0630,销售部,专员,/公司/欧洲,manager12@example.com
陈英涛,UK00631,E00631,user0631@example.com,user0631,市场部,分析师,/公司/中国,manager15@example.com
张磊伟,UK00632,E00632,user0632@example.com,user0632,运营部,经理,/公司/中国,manager15@example.com
严明勇,UK00633,E00633,user0633@example.com,user0633,销售部,专员,/公司/中国,manager17@example.com
韩静秀,UK00634,E00634,user0634@example.com,user0634,财务部,工程师,/公司/欧洲,manager12@example.com
韩平超,UK00635,E00635,user0635@example.com,user0635,财务部,专员,/公司/中国,manager13@example.com
姜英涛,UK00636,E00636,user0636@example.com,user0636,运营部,总监,/公司/欧洲,manager19@example.com
金秀伟,UK00637,E00637,user0637@example.com,user0637,财务部,分析师,/公司/欧洲,manager3@example.com
周洋娜,UK00638,E00638,user0638@example.com,user0638,市场部,专员,/公司/中国,manager6@example.com
周霞勇,UK00639,E00639,user0639@example.com,user0639,市场部,经理,/公司/美国,manager7@example.com
姜勇洋,UK00640,E00640,user0640@example.com,user0640,市场部,总监,/公司/中国,manager7@example.com
李敏静,UK00641,E00641,user0641@example.com,user0641,技术部,工程师,/公司/欧洲,manager12@example.com
钱涛英,UK00642,E00642,user0642@example.com,user0642,销售部,总监,/公司/欧洲,manager11@example.com
上官丽勇伟,UK00643,E00643,user0643@example.com,user0643,市场部,总监,/公司/美国,manager8@example.com
冯强平,UK00644,E00644,user0644@example.com,user0644,技术部,专员,/公司/美国,manager7@example.com
张杰芳,UK00645,E00645,user0645@example.com,user0645,市场部,工程师,/公司/欧洲,manager3@example.com
华平超,UK00646,E00646,user0646@example.com,user0646,销售部,专员,/公司/中国,manager11@example.com
陈超秀,UK00647,E00647,user0647@example.com,user0647,市场部,总监,/公司/美国,manager2@example.com
魏勇超,UK00648,E00648,user0648@example.com,user0648,人力资源部,专员,/公司/欧洲,manager20@example.com
钱平军,UK00649,E00649,user0649@example.com,user0649,人力资源部,经理,/公司/欧洲,manager18@example.com
姜艳勇,UK00650,E00650,user0650@example.com,user0650,人力资源部,经理,/公司/中国,manager5@example.com
韩杰洋,UK00651,E00651,user0651@example.com,user0651,财务部,总监,/公司/美国,manager5@example.com
杨英平,UK00652,E00652,user0652@example.com,user0652,技术部,分析师,/公司/中国,manager11@example.com
蒋娜强,UK00653,E00653,user0653@example.com,user0653,人力资源部,总监,/公司/美国,manager2@example.com
周洋强,UK00654,E00654,user0654@example.com,user0654,人力资源部,分析师,/公司/欧洲,manager15@example.com
孙涛丽,UK00655,E00655,user0655@example.com,user0655,销售部,总监,/公司/中国,manager19@example.com
孙伟涛,UK00656,E00656,user0656@example.com,user0656,技术部,工程师,/公司/美国,manager18@example.com
郑英娜,UK00657,E00657,user0657@example.com,user0657,技术部,专员,/公司/美国,manager14@example.com
郑涛娟,UK00658,E00658,user0658@example.com,user0658,市场部,专员,/公司/欧洲,manager3@example.com
孙明洋,UK00659,E00659,user0659@example.com,user0659,销售部,总监,/公司/美国,manager20@example.com
蒋明静,UK00660,E00660,user0660@example.com,user0660,市场部,经理,/公司/美国,manager19@example.com
张平英,UK00661,E00661,user0661@example.com,user0661,技术部,经理,/公司/中国,manager3@example.com
杨敏芳,UK00662,E00662,user0662@example.com,user0662,财务部,经理,/公司/欧洲,manager10@example.com
吴艳静,UK00663,E00663,user0663@example.com,user0663,人力资源部,专员,/公司/美国,manager4@example.com
沈霞勇,UK00664,E00664,user0664@example.com,user0664,销售部,工程师,/公司/美国,manager15@example.com
杨刚芳,UK00665,E00665,user0665@example.com,user0665,人力资源部,经理,/公司/中国,manager5@example.com
钱超英,UK00666,E00666,user0666@example.com,user0666,技术部,分析师,/公司/美国,manager7@example.com
沈艳涛,UK00667,E00667,user0667@example.com,user0667,技术部,经理,/公司/欧洲,manager17@example.com
严娟静,UK00668,E00668,user0668@example.com,user0668,市场部,分析师,/公司/欧洲,manager7@example.com
杨军洋,UK00669,E00669,user0669@example.com,user0669,运营部,工程师,/公司/欧洲,manager20@example.com
郑杰英,UK00670,E00670,user0670@example.com,user0670,人力资源部,经理,/公司/美国,manager15@example.com
姜伟英,UK00671,E00671,user0671@example.com,user0671,财务部,经理,/公司/欧洲,manager16@example.com
金静英,UK00672,E00672,user0672@example.com,user0672,人力资源部,经理,/公司/美国,manager3@example.com
冯明明,UK00673,E00673,user0673@example.com,user0673,财务部,经理,/公司/欧洲,manager14@example.com
张洋伟,UK00674,E00674,user0674@example.com,user0674,技术部,专员,/公司/美国,manager3@example.com
李霞丽,UK00675,E00675,user0675@example.com,user0675,销售部,经理,/公司/欧洲,manager4@example.com
钱静平,UK00676,E00676,user0676@example.com,user0676,财务部,总监,/公司/中国,manager6@example.com
曹磊娟,UK00677,E00677,user0677@example.com,user0677,运营部,工程师,/公司/中国,manager12@example.com
张娜磊,UK00678,E00678,user0678@example.com,user0678,市场部,经理,/公司/美国,manager7@example.com
韩丽涛,UK00679,E00679,user0679@example.com,user0679,财务部,工程师,/公司/欧洲,manager20@example.com
冯磊敏,UK00680,E00680,user0680@example.com,user0680,人力资源部,工程师,/公司/中国,manager1@example.com
吴霞军,UK00681,E00681,user0681@example.com,user0681,运营部,工程师,/公司/中国,manager2@example.com
钱娜杰,UK00682,E00682,user0682@example.com,user0682,财务部,工程师,/公司/欧洲,manager1@example.com
王伟秀,UK00683,E00683,user0683@example.com,user0683,财务部,总监,/公司/中国,manager14@example.com
上官勇敏,UK00684,E00684,user0684@example.com,user0684,运营部,专员,/公司/欧洲,manager6@example.com
金敏霞,UK00685,E00685,user0685@example.com,user0685,技术部,经理,/公司/美国,manager14@example.com
杨秀明,UK00686,E00686,user0686@example.com,user0686,运营部,经理,/公司/中国,manager2@example.com
李明娜,UK00687,E00687,user0687@example.com,user0687,销售部,工程师,/公司/欧洲,manager2@example.com
郑娜刚,UK00688,E00688,user0688@example.com,user0688,市场部,总监,/公司/中国,manager13@example.com
陶军超,UK00689,E00689,user0689@example.com,user0689,市场部,分析师,/公司/中国,manager9@example.com
陈勇丽,UK00690,E00690,user0690@example.com,user0690,技术部,工程师,/公司/美国,manager20@example.com
沈涛军,UK00691,E00691,user0691@example.com,user0691,市场部,工程师,/公司/美国,manager16@example.com
陈超芳,UK00692,E00692,user0692@example.com,user0692,销售部,总监,/公司/中国,manager8@example.com
张磊伟,UK00693,E00693,user0693@example.com,user0693,运营部,分析师,/公司/美国,manager4@example.com
沈娟敏,UK00694,E00694,user0694@example.com,user0694,财务部,经理,/公司/美国,manager14@example.com
张洋强,UK00695,E00695,user0695@example.com,user0695,财务部,总监,/公司/美国,manager18@example.com
曹伟洋,UK00696,E00696,user0696@example.com,user0696,技术部,分析师,/公司/欧洲,manager13@example.com
沈磊娜,UK00697,E00697,user0697@example.com,user0697,人力资源部,专员,/公司/欧洲,manager9@example.com
赫连娟芳,UK00698,E00698,user0698@example.com,user0698,技术部,专员,/公司/中国,manager1@example.com
赵娜伟,UK00699,E00699,user0699@example.com,user0699,技术部,专员,/公司/中国,manager16@example.com
周强丽,UK00700,E00700,user0700@example.com,user0700,技术部,分析师,/公司/中国,manager17@example.com
陶勇娟,UK00701,E00701,user0701@example.com,user0701,市场部,工程师,/公司/美国,manager18@example.com
李娜明,UK00702,E00702,user0702@example.com,user0702,市场部,分析师,/公司/中国,manager7@example.com
蒋芳磊,UK00703,E00703,user0703@example.com,user0703,市场部,分析师,/公司/欧洲,manager20@example.com
严丽磊,UK00704,E00704,user0704@example.com,user0704,技术部,经理,/公司/中国,manager9@example.com
吴娟磊,UK00705,E00705,user0705@example.com,user0705,市场部,工程师,/公司/美国,manager14@example.com
蒋伟刚,UK00706,E00706,user0706@example.com,user0706,财务部,分析师,/公司/欧洲,manager1@example.com
郑军刚,UK00707,E00707,user0707@example.com,user0707,技术部,经理,/公司/欧洲,manager9@example.com
陈勇磊,UK00708,E00708,user0708@example.com,user0708,市场部,总监,/公司/欧洲,manager12@example.com
陈军娟,UK00709,E00709,user0709@example.com,user0709,人力资源部,专员,/公司/中国,manager13@example.com
陈丽平,UK00710,E00710,user0710@example.com,user0710,技术部,经理,/公司/中国,manager14@example.com
严敏平,UK00711,E00711,user0711@example.com,user0711,市场部,经理,/公司/美国,manager3@example.com
钱霞丽,UK00712,E00712,user0712@example.com,user0712,运营部,工程师,/公司/美国,manager10@example.com
张静英,UK00713,E00713,user0713@example.com,user0713,财务部,经理,/公司/欧洲,manager7@example.com
华娜敏,UK00714,E00714,user0714@example.com,user0714,市场部,分析师,/公司/欧洲,manager17@example.com
韩芳强,UK00715,E00715,user0715@example.com,user0715,销售部,总监,/公司/中国,manager12@example.com
陈磊洋,UK00716,E00716,user0716@example.com,user0716,财务部,分析师,/公司/美国,manager20@example.com
沈强杰,UK00717,E00717,user0717@example.com,user0717,财务部,专员,/公司/欧洲,manager6@example.com
陈静明,UK00718,E00718,user0718@example.com,user0718,市场部,总监,/公司/美国,manager15@example.com
姜伟勇,UK00719,E00719,user0719@example.com,user0719,运营部,经理,/公司/欧洲,manager3@example.com
严静伟,UK00720,E00720,user0720@example.com,user0720,销售部,经理,/公司/中国,manager12@example.com
阿依娜英,UK00721,E00721,user0721@example.com,user0721,市场部,工程师,/公司/中国,manager1@example.com
钱娜军,UK00722,E00722,user0722@example.com,user0722,运营部,总监,/公司/中国,manager12@example.com
金勇娜,UK00723,E00723,user0723@example.com,user0723,销售部,工程师,/公司/美国,manager18@example.com
赵刚丽,UK00724,E00724,user0724@example.com,user0724,财务部,工程师,/公司/中国,manager5@example.com
吴涛强,UK00725,E00725,user0725@example.com,user0725,人力资源部,专员,/公司/欧洲,manager20@example.com
冯强明,UK00726,E00726,user0726@example.com,user0726,运营部,分析师,/公司/美国,manager19@example.com
陶伟磊,UK00727,E00727,user0727@example.com,user0727,市场部,专员,/公司/美国,manager8@example.com
严洋英,UK00728,E00728,user0728@example.com,user0728,运营部,总监,/公司/欧洲,manager17@example.com
上官平强丽,UK00729,E00729,user0729@example.com,user0729,财务部,分析师,/公司/美国,manager7@example.com
金静艳,UK00730,E00730,user0730@example.com,user0730,人力资源部,专员,/公司/美国,manager2@example.com
蒋涛伟,UK00731,E00731,user0731@example.com,user0731,人力资源部,分析师,/公司/中国,manager6@example.com
沈伟平,UK00732,E00732,user0732@example.com,user0732,销售部,分析师,/公司/欧洲,manager9@example.com
姜娜明,UK00733,E00733,user0733@example.com,user0733,技术部,分析师,/公司/美国,manager16@example.com
陈丽静,UK00734,E00734,user0734@example.com,user0734,市场部,专员,/公司/美国,manager9@example.com
杨明平,UK00735,E00735,user0735@example.com,user0735,人力资源部,分析师,/公司/中国,manager19@example.com
陶芳秀,UK00736,E00736,user0736@example.com,user0736,技术部,分析师,/公司/中国,manager12@example.com
陶丽敏,UK00737,E00737,user0737@example.com,user0737,市场部,总监,/公司/中国,manager12@example.com
陶静伟,UK00738,E00738,user0738@example.com,user0738,运营部,分析师,/公司/欧洲,manager3@example.com
孙洋霞,UK00739,E00739,user0739@example.com,user0739,人力资源部,分析师,/公司/美国,manager17@example.com
陈芳秀,UK00740,E00740,user0740@example.com,user0740,销售部,经理,/公司/欧洲,manager12@example.com
魏杰英,UK00741,E00741,user0741@example.com,user0741,财务部,工程师,/公司/中国,manager13@example.com
沈娜敏,UK00742,E00742,user0742@example.com,user0742,人力资源部,总监,/公司/美国,manager6@example.com
杨平静,UK00743,E00743,user0743@example.com,user0743,技术部,工程师,/公司/中国,manager8@example.com
沈芳娟,UK00744,E00744,user0744@example.com,user0744,人力资源部,工程师,/公司/美国,manager14@example.com
陶伟超,UK00745,E00745,user0745@example.com,user0745,销售部,工程师,/公司/美国,manager16@example.com
张洋洋,UK00746,E00746,user0746@example.com,user0746,技术部,经理,/公司/中国,manager13@example.com
依布拉音丽洋,UK00747,E00747,user0747@example.com,user0747,人力资源部,工程师,/公司/中国,manager2@example.com
陶军磊,UK00748,E00748,user0748@example.com,user0748,技术部,工程师,/公司/美国,manager3@example.com
冯磊娜,UK00749,E00749,user0749@example.com,user0749,技术部,分析师,/公司/美国,manager11@example.com
蒋娜娟,UK00750,E00750,user0750@example.com,user0750,技术部,经理,/公司/欧洲,manager12@example.com
吴静霞,UK00751,E00751,user0751@example.com,user0751,运营部,工程师,/公司/美国,manager11@example.com
周杰娟,UK00752,E00752,user0752@example.com,user0752,财务部,分析师,/公司/欧洲,manager11@example.com
郑平秀,UK00753,E00753,user0753@example.com,user0753,人力资源部,总监,/公司/中国,manager14@example.com
姜英勇,UK00754,E00754,user0754@example.com,user0754,技术部,总监,/公司/美国,manager3@example.com
吴强娜,UK00755,E00755,user0755@example.com,user0755,运营部,专员,/公司/中国,manager11@example.com
吴强洋,UK00756,E00756,user0756@example.com,user0756,运营部,分析师,/公司/欧洲,manager16@example.com
李强敏,UK00757,E00757,user0757@example.com,user0757,市场部,工程师,/公司/中国,manager2@example.com
金超磊,UK00758,E00758,user0758@example.com,user0758,技术部,分析师,/公司/中国,manager10@example.com
王平艳,UK00759,E00759,user0759@example.com,user0759,市场部,总监,/公司/欧洲,manager14@example.com
欧阳刚秀磊,UK00760,E00760,user0760@example.com,user0760,人力资源部,分析师,/公司/欧洲,manager19@example.com
严洋杰,UK00761,E00761,user0761@example.com,user0761,人力资源部,总监,/公司/欧洲,manager20@example.com
赫连磊杰艳,UK00762,E00762,user0762@example.com,user0762,运营部,工程师,/公司/欧洲,manager11@example.com
沈超刚,UK00763,E00763,user0763@example.com,user0763,销售部,总监,/公司/中国,manager12@example.com
姜静强,UK00764,E00764,user0764@example.com,user0764,销售部,经理,/公司/欧洲,manager7@example.com
杨涛涛,UK00765,E00765,user0765@example.com,user0765,运营部,工程师,/公司/中国,manager11@example.com
沈涛英,UK00766,E00766,user0766@example.com,user0766,市场部,总监,/公司/美国,manager20@example.com
陶霞丽,UK00767,E00767,user0767@example.com,user0767,运营部,经理,/公司/中国,manager10@example.com
李涛刚,UK00768,E00768,user0768@example.com,user0768,财务部,总监,/公司/欧洲,manager3@example.com
魏超芳,UK00769,E00769,user0769@example.com,user0769,技术部,总监,/公司/欧洲,manager1@example.com
魏强刚,UK00770,E00770,user0770@example.com,user0770,财务部,总监,/公司/美国,manager10@example.com
曹明敏,UK00771,E00771,user0771@example.com,user0771,销售部,总监,/公司/欧洲,manager6@example.com
沈娟超,UK00772,E00772,user0772@example.com,user0772,人力资源部,专员,/公司/欧洲,manager16@example.com
金英平,UK00773,E00773,user0773@example.com,user0773,市场部,工程师,/公司/美国,manager19@example.com
姜英艳,UK00774,E00774,user0774@example.com,user0774,财务部,总监,/公司/美国,manager17@example.com
王静洋,UK00775,E00775,user0775@example.com,user0775,人力资源部,分析师,/公司/欧洲,manager9@example.com
沈超勇,UK00776,E00776,user0776@example.com,user0776,人力资源部,专员,/公司/美国,manager15@example.com
周艳杰,UK00777,E00777,user0777@example.com,user0777,技术部,总监,/公司/美国,manager13@example.com
蒋伟平,UK00778,E00778,user0778@example.com,user0778,销售部,总监,/公司/欧洲,manager15@example.com
魏静英,UK00779,E00779,user0779@example.com,user0779,财务部,分析师,/公司/中国,manager8@example.com
钱艳敏,UK00780,E00780,user0780@example.com,user0780,市场部,工程师,/公司/中国,manager15@example.com
陶磊涛,UK00781,E00781,user0781@example.com,user0781,人力资源部,分析师,/公司/美国,manager9@example.com
李英静,UK00782,E00782,user0782@example.com,user0782,人力资源部,经理,/公司/美国,manager6@example.com
李娜军,UK00783,E00783,user0783@example.com,user0783,技术部,总监,/公司/欧洲,manager15@example.com
陈芳伟,UK00784,E00784,user0784@example.com,user0784,市场部,专员,/公司/中国,manager10@example.com
赵超娟,UK00785,E00785,user0785@example.com,user0785,销售部,经理,/公司/欧洲,manager13@example.com
赵明洋,UK00786,E00786,user0786@example.com,user0786,销售部,总监,/公司/美国,manager7@example.com
沈军超,UK00787,E00787,user0787@example.com,user0787,市场部,专员,/公司/美国,manager16@example.com
阿依芳娜军,UK00788,E00788,user0788@example.com,user0788,销售部,分析师,/公司/欧洲,manager12@example.com
欧阳涛伟,UK00789,E00789,user0789@example.com,user0789,市场部,分析师,/公司/美国,manager6@example.com
魏勇静,UK00790,E00790,user0790@example.com,user0790,人力资源部,总监,/公司/欧洲,manager7@example.com
依布拉音娟杰,UK00791,E00791,user0791@example.com,user0791,人力资源部,经理,/公司/欧洲,manager9@example.com
曹平伟,UK00792,E00792,user0792@example.com,user0792,技术部,经理,/公司/美国,manager5@example.com
陶强敏,UK00793,E00793,user0793@example.com,user0793,技术部,总监,/公司/欧洲,manager12@example.com
吴静军,UK00794,E00794,user0794@example.com,user0794,运营部,总监,/公司/中国,manager2@example.com
陶敏刚,UK00795,E00795,user0795@example.com,user0795,销售部,经理,/公司/欧洲,manager9@example.com
阿不都芳霞平,UK00796,E00796,user0796@example.com,user0796,运营部,专员,/公司/中国,manager9@example.com
钱超娟,UK00797,E00797,user0797@example.com,user0797,销售部,专员,/公司/中国,manager5@example.com
郑超娜,UK00798,E00798,user0798@example.com,user0798,财务部,经理,/公司/中国,manager13@example.com
韩娟杰,UK00799,E00799,user0799@example.com,user0799,财务部,经理,/公司/中国,manager12@example.com
严静明,UK00800,E00800,user0800@example.com,user0800,人力资源部,经理,/公司/美国,manager6@example.com
